net,M,KH,KW,C,H,W,PadH,PadW,StrideH,StrideW,DilationH,DilationW,OH,OW,GEMM_M,GEMM_K,GEMM_N,H * KW * C,KH * KH * C
resnet18,64,7,7,3,224,224,3,3,2,2,1,1,112,112,64,147,12544,4704,147
resnet18,64,3,3,64,56,56,1,1,1,1,1,1,56,56,64,576,3136,10752,576
resnet18,64,3,3,64,56,56,1,1,1,1,1,1,56,56,64,576,3136,10752,576
resnet18,64,3,3,64,56,56,1,1,1,1,1,1,56,56,64,576,3136,10752,576
resnet18,64,3,3,64,56,56,1,1,1,1,1,1,56,56,64,576,3136,10752,576
resnet18,128,3,3,64,56,56,1,1,2,2,1,1,28,28,128,576,784,10752,576
resnet18,128,3,3,128,28,28,1,1,1,1,1,1,28,28,128,1152,784,10752,1152
resnet18,128,1,1,64,56,56,0,0,2,2,1,1,28,28,128,64,784,3584,64
resnet18,128,3,3,128,28,28,1,1,1,1,1,1,28,28,128,1152,784,10752,1152
resnet18,128,3,3,128,28,28,1,1,1,1,1,1,28,28,128,1152,784,10752,1152
resnet18,256,3,3,128,28,28,1,1,2,2,1,1,14,14,256,1152,196,10752,1152
resnet18,256,3,3,256,14,14,1,1,1,1,1,1,14,14,256,2304,196,10752,2304
resnet18,256,1,1,128,28,28,0,0,2,2,1,1,14,14,256,128,196,3584,128
resnet18,256,3,3,256,14,14,1,1,1,1,1,1,14,14,256,2304,196,10752,2304
resnet18,256,3,3,256,14,14,1,1,1,1,1,1,14,14,256,2304,196,10752,2304
resnet18,512,3,3,256,14,14,1,1,2,2,1,1,7,7,512,2304,49,10752,2304
resnet18,512,3,3,512,7,7,1,1,1,1,1,1,7,7,512,4608,49,10752,4608
resnet18,512,1,1,256,14,14,0,0,2,2,1,1,7,7,512,256,49,3584,256
resnet18,512,3,3,512,7,7,1,1,1,1,1,1,7,7,512,4608,49,10752,4608
resnet18,512,3,3,512,7,7,1,1,1,1,1,1,7,7,512,4608,49,10752,4608
alexnet,64,11,11,3,224,224,2,2,4,4,1,1,55,55,64,363,3025,7392,363
alexnet,192,5,5,64,27,27,2,2,1,1,1,1,27,27,192,1600,729,8640,1600
alexnet,384,3,3,192,13,13,1,1,1,1,1,1,13,13,384,1728,169,7488,1728
alexnet,256,3,3,384,13,13,1,1,1,1,1,1,13,13,256,3456,169,14976,3456
alexnet,256,3,3,256,13,13,1,1,1,1,1,1,13,13,256,2304,169,9984,2304
vgg16,64,3,3,3,224,224,1,1,1,1,1,1,224,224,64,27,50176,2016,27
vgg16,64,3,3,64,224,224,1,1,1,1,1,1,224,224,64,576,50176,43008,576
vgg16,128,3,3,64,112,112,1,1,1,1,1,1,112,112,128,576,12544,21504,576
vgg16,128,3,3,128,112,112,1,1,1,1,1,1,112,112,128,1152,12544,43008,1152
vgg16,256,3,3,128,56,56,1,1,1,1,1,1,56,56,256,1152,3136,21504,1152
vgg16,256,3,3,256,56,56,1,1,1,1,1,1,56,56,256,2304,3136,43008,2304
vgg16,256,3,3,256,56,56,1,1,1,1,1,1,56,56,256,2304,3136,43008,2304
vgg16,512,3,3,256,28,28,1,1,1,1,1,1,28,28,512,2304,784,21504,2304
vgg16,512,3,3,512,28,28,1,1,1,1,1,1,28,28,512,4608,784,43008,4608
vgg16,512,3,3,512,28,28,1,1,1,1,1,1,28,28,512,4608,784,43008,4608
vgg16,512,3,3,512,14,14,1,1,1,1,1,1,14,14,512,4608,196,21504,4608
vgg16,512,3,3,512,14,14,1,1,1,1,1,1,14,14,512,4608,196,21504,4608
vgg16,512,3,3,512,14,14,1,1,1,1,1,1,14,14,512,4608,196,21504,4608
squeezenet1_0,96,7,7,3,224,224,0,0,2,2,1,1,109,109,96,147,11881,4704,147
squeezenet1_0,16,1,1,96,54,54,0,0,1,1,1,1,54,54,16,96,2916,5184,96
squeezenet1_0,64,1,1,16,54,54,0,0,1,1,1,1,54,54,64,16,2916,864,16
squeezenet1_0,64,3,3,16,54,54,1,1,1,1,1,1,54,54,64,144,2916,2592,144
squeezenet1_0,16,1,1,128,54,54,0,0,1,1,1,1,54,54,16,128,2916,6912,128
squeezenet1_0,64,1,1,16,54,54,0,0,1,1,1,1,54,54,64,16,2916,864,16
squeezenet1_0,64,3,3,16,54,54,1,1,1,1,1,1,54,54,64,144,2916,2592,144
squeezenet1_0,32,1,1,128,54,54,0,0,1,1,1,1,54,54,32,128,2916,6912,128
squeezenet1_0,128,1,1,32,54,54,0,0,1,1,1,1,54,54,128,32,2916,1728,32
squeezenet1_0,128,3,3,32,54,54,1,1,1,1,1,1,54,54,128,288,2916,5184,288
squeezenet1_0,32,1,1,256,27,27,0,0,1,1,1,1,27,27,32,256,729,6912,256
squeezenet1_0,128,1,1,32,27,27,0,0,1,1,1,1,27,27,128,32,729,864,32
squeezenet1_0,128,3,3,32,27,27,1,1,1,1,1,1,27,27,128,288,729,2592,288
squeezenet1_0,48,1,1,256,27,27,0,0,1,1,1,1,27,27,48,256,729,6912,256
squeezenet1_0,192,1,1,48,27,27,0,0,1,1,1,1,27,27,192,48,729,1296,48
squeezenet1_0,192,3,3,48,27,27,1,1,1,1,1,1,27,27,192,432,729,3888,432
squeezenet1_0,48,1,1,384,27,27,0,0,1,1,1,1,27,27,48,384,729,10368,384
squeezenet1_0,192,1,1,48,27,27,0,0,1,1,1,1,27,27,192,48,729,1296,48
squeezenet1_0,192,3,3,48,27,27,1,1,1,1,1,1,27,27,192,432,729,3888,432
squeezenet1_0,64,1,1,384,27,27,0,0,1,1,1,1,27,27,64,384,729,10368,384
squeezenet1_0,256,1,1,64,27,27,0,0,1,1,1,1,27,27,256,64,729,1728,64
squeezenet1_0,256,3,3,64,27,27,1,1,1,1,1,1,27,27,256,576,729,5184,576
squeezenet1_0,64,1,1,512,13,13,0,0,1,1,1,1,13,13,64,512,169,6656,512
squeezenet1_0,256,1,1,64,13,13,0,0,1,1,1,1,13,13,256,64,169,832,64
squeezenet1_0,256,3,3,64,13,13,1,1,1,1,1,1,13,13,256,576,169,2496,576
squeezenet1_0,1000,1,1,512,13,13,0,0,1,1,1,1,13,13,1000,512,169,6656,512
densenet161,96,7,7,3,224,224,3,3,2,2,1,1,112,112,96,147,12544,4704,147
densenet161,192,1,1,96,56,56,0,0,1,1,1,1,56,56,192,96,3136,5376,96
densenet161,48,3,3,192,56,56,1,1,1,1,1,1,56,56,48,1728,3136,32256,1728
densenet161,192,1,1,144,56,56,0,0,1,1,1,1,56,56,192,144,3136,8064,144
densenet161,48,3,3,192,56,56,1,1,1,1,1,1,56,56,48,1728,3136,32256,1728
densenet161,192,1,1,192,56,56,0,0,1,1,1,1,56,56,192,192,3136,10752,192
densenet161,48,3,3,192,56,56,1,1,1,1,1,1,56,56,48,1728,3136,32256,1728
densenet161,192,1,1,240,56,56,0,0,1,1,1,1,56,56,192,240,3136,13440,240
densenet161,48,3,3,192,56,56,1,1,1,1,1,1,56,56,48,1728,3136,32256,1728
densenet161,192,1,1,288,56,56,0,0,1,1,1,1,56,56,192,288,3136,16128,288
densenet161,48,3,3,192,56,56,1,1,1,1,1,1,56,56,48,1728,3136,32256,1728
densenet161,192,1,1,336,56,56,0,0,1,1,1,1,56,56,192,336,3136,18816,336
densenet161,48,3,3,192,56,56,1,1,1,1,1,1,56,56,48,1728,3136,32256,1728
densenet161,192,1,1,384,56,56,0,0,1,1,1,1,56,56,192,384,3136,21504,384
densenet161,192,1,1,192,28,28,0,0,1,1,1,1,28,28,192,192,784,5376,192
densenet161,48,3,3,192,28,28,1,1,1,1,1,1,28,28,48,1728,784,16128,1728
densenet161,192,1,1,240,28,28,0,0,1,1,1,1,28,28,192,240,784,6720,240
densenet161,48,3,3,192,28,28,1,1,1,1,1,1,28,28,48,1728,784,16128,1728
densenet161,192,1,1,288,28,28,0,0,1,1,1,1,28,28,192,288,784,8064,288
densenet161,48,3,3,192,28,28,1,1,1,1,1,1,28,28,48,1728,784,16128,1728
densenet161,192,1,1,336,28,28,0,0,1,1,1,1,28,28,192,336,784,9408,336
densenet161,48,3,3,192,28,28,1,1,1,1,1,1,28,28,48,1728,784,16128,1728
densenet161,192,1,1,384,28,28,0,0,1,1,1,1,28,28,192,384,784,10752,384
densenet161,48,3,3,192,28,28,1,1,1,1,1,1,28,28,48,1728,784,16128,1728
densenet161,192,1,1,432,28,28,0,0,1,1,1,1,28,28,192,432,784,12096,432
densenet161,48,3,3,192,28,28,1,1,1,1,1,1,28,28,48,1728,784,16128,1728
densenet161,192,1,1,480,28,28,0,0,1,1,1,1,28,28,192,480,784,13440,480
densenet161,48,3,3,192,28,28,1,1,1,1,1,1,28,28,48,1728,784,16128,1728
densenet161,192,1,1,528,28,28,0,0,1,1,1,1,28,28,192,528,784,14784,528
densenet161,48,3,3,192,28,28,1,1,1,1,1,1,28,28,48,1728,784,16128,1728
densenet161,192,1,1,576,28,28,0,0,1,1,1,1,28,28,192,576,784,16128,576
densenet161,48,3,3,192,28,28,1,1,1,1,1,1,28,28,48,1728,784,16128,1728
densenet161,192,1,1,624,28,28,0,0,1,1,1,1,28,28,192,624,784,17472,624
densenet161,48,3,3,192,28,28,1,1,1,1,1,1,28,28,48,1728,784,16128,1728
densenet161,192,1,1,672,28,28,0,0,1,1,1,1,28,28,192,672,784,18816,672
densenet161,48,3,3,192,28,28,1,1,1,1,1,1,28,28,48,1728,784,16128,1728
densenet161,192,1,1,720,28,28,0,0,1,1,1,1,28,28,192,720,784,20160,720
densenet161,48,3,3,192,28,28,1,1,1,1,1,1,28,28,48,1728,784,16128,1728
densenet161,384,1,1,768,28,28,0,0,1,1,1,1,28,28,384,768,784,21504,768
densenet161,192,1,1,384,14,14,0,0,1,1,1,1,14,14,192,384,196,5376,384
densenet161,48,3,3,192,14,14,1,1,1,1,1,1,14,14,48,1728,196,8064,1728
densenet161,192,1,1,432,14,14,0,0,1,1,1,1,14,14,192,432,196,6048,432
densenet161,48,3,3,192,14,14,1,1,1,1,1,1,14,14,48,1728,196,8064,1728
densenet161,192,1,1,480,14,14,0,0,1,1,1,1,14,14,192,480,196,6720,480
densenet161,48,3,3,192,14,14,1,1,1,1,1,1,14,14,48,1728,196,8064,1728
densenet161,192,1,1,528,14,14,0,0,1,1,1,1,14,14,192,528,196,7392,528
densenet161,48,3,3,192,14,14,1,1,1,1,1,1,14,14,48,1728,196,8064,1728
densenet161,192,1,1,576,14,14,0,0,1,1,1,1,14,14,192,576,196,8064,576
densenet161,48,3,3,192,14,14,1,1,1,1,1,1,14,14,48,1728,196,8064,1728
densenet161,192,1,1,624,14,14,0,0,1,1,1,1,14,14,192,624,196,8736,624
densenet161,48,3,3,192,14,14,1,1,1,1,1,1,14,14,48,1728,196,8064,1728
densenet161,192,1,1,672,14,14,0,0,1,1,1,1,14,14,192,672,196,9408,672
densenet161,48,3,3,192,14,14,1,1,1,1,1,1,14,14,48,1728,196,8064,1728
densenet161,192,1,1,720,14,14,0,0,1,1,1,1,14,14,192,720,196,10080,720
densenet161,48,3,3,192,14,14,1,1,1,1,1,1,14,14,48,1728,196,8064,1728
densenet161,192,1,1,768,14,14,0,0,1,1,1,1,14,14,192,768,196,10752,768
densenet161,48,3,3,192,14,14,1,1,1,1,1,1,14,14,48,1728,196,8064,1728
densenet161,192,1,1,816,14,14,0,0,1,1,1,1,14,14,192,816,196,11424,816
densenet161,48,3,3,192,14,14,1,1,1,1,1,1,14,14,48,1728,196,8064,1728
densenet161,192,1,1,864,14,14,0,0,1,1,1,1,14,14,192,864,196,12096,864
densenet161,48,3,3,192,14,14,1,1,1,1,1,1,14,14,48,1728,196,8064,1728
densenet161,192,1,1,912,14,14,0,0,1,1,1,1,14,14,192,912,196,12768,912
densenet161,48,3,3,192,14,14,1,1,1,1,1,1,14,14,48,1728,196,8064,1728
densenet161,192,1,1,960,14,14,0,0,1,1,1,1,14,14,192,960,196,13440,960
densenet161,48,3,3,192,14,14,1,1,1,1,1,1,14,14,48,1728,196,8064,1728
densenet161,192,1,1,1008,14,14,0,0,1,1,1,1,14,14,192,1008,196,14112,1008
densenet161,48,3,3,192,14,14,1,1,1,1,1,1,14,14,48,1728,196,8064,1728
densenet161,192,1,1,1056,14,14,0,0,1,1,1,1,14,14,192,1056,196,14784,1056
densenet161,48,3,3,192,14,14,1,1,1,1,1,1,14,14,48,1728,196,8064,1728
densenet161,192,1,1,1104,14,14,0,0,1,1,1,1,14,14,192,1104,196,15456,1104
densenet161,48,3,3,192,14,14,1,1,1,1,1,1,14,14,48,1728,196,8064,1728
densenet161,192,1,1,1152,14,14,0,0,1,1,1,1,14,14,192,1152,196,16128,1152
densenet161,48,3,3,192,14,14,1,1,1,1,1,1,14,14,48,1728,196,8064,1728
densenet161,192,1,1,1200,14,14,0,0,1,1,1,1,14,14,192,1200,196,16800,1200
densenet161,48,3,3,192,14,14,1,1,1,1,1,1,14,14,48,1728,196,8064,1728
densenet161,192,1,1,1248,14,14,0,0,1,1,1,1,14,14,192,1248,196,17472,1248
densenet161,48,3,3,192,14,14,1,1,1,1,1,1,14,14,48,1728,196,8064,1728
densenet161,192,1,1,1296,14,14,0,0,1,1,1,1,14,14,192,1296,196,18144,1296
densenet161,48,3,3,192,14,14,1,1,1,1,1,1,14,14,48,1728,196,8064,1728
densenet161,192,1,1,1344,14,14,0,0,1,1,1,1,14,14,192,1344,196,18816,1344
densenet161,48,3,3,192,14,14,1,1,1,1,1,1,14,14,48,1728,196,8064,1728
densenet161,192,1,1,1392,14,14,0,0,1,1,1,1,14,14,192,1392,196,19488,1392
densenet161,48,3,3,192,14,14,1,1,1,1,1,1,14,14,48,1728,196,8064,1728
densenet161,192,1,1,1440,14,14,0,0,1,1,1,1,14,14,192,1440,196,20160,1440
densenet161,48,3,3,192,14,14,1,1,1,1,1,1,14,14,48,1728,196,8064,1728
densenet161,192,1,1,1488,14,14,0,0,1,1,1,1,14,14,192,1488,196,20832,1488
densenet161,48,3,3,192,14,14,1,1,1,1,1,1,14,14,48,1728,196,8064,1728
densenet161,192,1,1,1536,14,14,0,0,1,1,1,1,14,14,192,1536,196,21504,1536
densenet161,48,3,3,192,14,14,1,1,1,1,1,1,14,14,48,1728,196,8064,1728
densenet161,192,1,1,1584,14,14,0,0,1,1,1,1,14,14,192,1584,196,22176,1584
densenet161,48,3,3,192,14,14,1,1,1,1,1,1,14,14,48,1728,196,8064,1728
densenet161,192,1,1,1632,14,14,0,0,1,1,1,1,14,14,192,1632,196,22848,1632
densenet161,48,3,3,192,14,14,1,1,1,1,1,1,14,14,48,1728,196,8064,1728
densenet161,192,1,1,1680,14,14,0,0,1,1,1,1,14,14,192,1680,196,23520,1680
densenet161,48,3,3,192,14,14,1,1,1,1,1,1,14,14,48,1728,196,8064,1728
densenet161,192,1,1,1728,14,14,0,0,1,1,1,1,14,14,192,1728,196,24192,1728
densenet161,48,3,3,192,14,14,1,1,1,1,1,1,14,14,48,1728,196,8064,1728
densenet161,192,1,1,1776,14,14,0,0,1,1,1,1,14,14,192,1776,196,24864,1776
densenet161,48,3,3,192,14,14,1,1,1,1,1,1,14,14,48,1728,196,8064,1728
densenet161,192,1,1,1824,14,14,0,0,1,1,1,1,14,14,192,1824,196,25536,1824
densenet161,48,3,3,192,14,14,1,1,1,1,1,1,14,14,48,1728,196,8064,1728
densenet161,192,1,1,1872,14,14,0,0,1,1,1,1,14,14,192,1872,196,26208,1872
densenet161,48,3,3,192,14,14,1,1,1,1,1,1,14,14,48,1728,196,8064,1728
densenet161,192,1,1,1920,14,14,0,0,1,1,1,1,14,14,192,1920,196,26880,1920
densenet161,48,3,3,192,14,14,1,1,1,1,1,1,14,14,48,1728,196,8064,1728
densenet161,192,1,1,1968,14,14,0,0,1,1,1,1,14,14,192,1968,196,27552,1968
densenet161,48,3,3,192,14,14,1,1,1,1,1,1,14,14,48,1728,196,8064,1728
densenet161,192,1,1,2016,14,14,0,0,1,1,1,1,14,14,192,2016,196,28224,2016
densenet161,48,3,3,192,14,14,1,1,1,1,1,1,14,14,48,1728,196,8064,1728
densenet161,192,1,1,2064,14,14,0,0,1,1,1,1,14,14,192,2064,196,28896,2064
densenet161,48,3,3,192,14,14,1,1,1,1,1,1,14,14,48,1728,196,8064,1728
densenet161,1056,1,1,2112,14,14,0,0,1,1,1,1,14,14,1056,2112,196,29568,2112
densenet161,192,1,1,1056,7,7,0,0,1,1,1,1,7,7,192,1056,49,7392,1056
densenet161,48,3,3,192,7,7,1,1,1,1,1,1,7,7,48,1728,49,4032,1728
densenet161,192,1,1,1104,7,7,0,0,1,1,1,1,7,7,192,1104,49,7728,1104
densenet161,48,3,3,192,7,7,1,1,1,1,1,1,7,7,48,1728,49,4032,1728
densenet161,192,1,1,1152,7,7,0,0,1,1,1,1,7,7,192,1152,49,8064,1152
densenet161,48,3,3,192,7,7,1,1,1,1,1,1,7,7,48,1728,49,4032,1728
densenet161,192,1,1,1200,7,7,0,0,1,1,1,1,7,7,192,1200,49,8400,1200
densenet161,48,3,3,192,7,7,1,1,1,1,1,1,7,7,48,1728,49,4032,1728
densenet161,192,1,1,1248,7,7,0,0,1,1,1,1,7,7,192,1248,49,8736,1248
densenet161,48,3,3,192,7,7,1,1,1,1,1,1,7,7,48,1728,49,4032,1728
densenet161,192,1,1,1296,7,7,0,0,1,1,1,1,7,7,192,1296,49,9072,1296
densenet161,48,3,3,192,7,7,1,1,1,1,1,1,7,7,48,1728,49,4032,1728
densenet161,192,1,1,1344,7,7,0,0,1,1,1,1,7,7,192,1344,49,9408,1344
densenet161,48,3,3,192,7,7,1,1,1,1,1,1,7,7,48,1728,49,4032,1728
densenet161,192,1,1,1392,7,7,0,0,1,1,1,1,7,7,192,1392,49,9744,1392
densenet161,48,3,3,192,7,7,1,1,1,1,1,1,7,7,48,1728,49,4032,1728
densenet161,192,1,1,1440,7,7,0,0,1,1,1,1,7,7,192,1440,49,10080,1440
densenet161,48,3,3,192,7,7,1,1,1,1,1,1,7,7,48,1728,49,4032,1728
densenet161,192,1,1,1488,7,7,0,0,1,1,1,1,7,7,192,1488,49,10416,1488
densenet161,48,3,3,192,7,7,1,1,1,1,1,1,7,7,48,1728,49,4032,1728
densenet161,192,1,1,1536,7,7,0,0,1,1,1,1,7,7,192,1536,49,10752,1536
densenet161,48,3,3,192,7,7,1,1,1,1,1,1,7,7,48,1728,49,4032,1728
densenet161,192,1,1,1584,7,7,0,0,1,1,1,1,7,7,192,1584,49,11088,1584
densenet161,48,3,3,192,7,7,1,1,1,1,1,1,7,7,48,1728,49,4032,1728
densenet161,192,1,1,1632,7,7,0,0,1,1,1,1,7,7,192,1632,49,11424,1632
densenet161,48,3,3,192,7,7,1,1,1,1,1,1,7,7,48,1728,49,4032,1728
densenet161,192,1,1,1680,7,7,0,0,1,1,1,1,7,7,192,1680,49,11760,1680
densenet161,48,3,3,192,7,7,1,1,1,1,1,1,7,7,48,1728,49,4032,1728
densenet161,192,1,1,1728,7,7,0,0,1,1,1,1,7,7,192,1728,49,12096,1728
densenet161,48,3,3,192,7,7,1,1,1,1,1,1,7,7,48,1728,49,4032,1728
densenet161,192,1,1,1776,7,7,0,0,1,1,1,1,7,7,192,1776,49,12432,1776
densenet161,48,3,3,192,7,7,1,1,1,1,1,1,7,7,48,1728,49,4032,1728
densenet161,192,1,1,1824,7,7,0,0,1,1,1,1,7,7,192,1824,49,12768,1824
densenet161,48,3,3,192,7,7,1,1,1,1,1,1,7,7,48,1728,49,4032,1728
densenet161,192,1,1,1872,7,7,0,0,1,1,1,1,7,7,192,1872,49,13104,1872
densenet161,48,3,3,192,7,7,1,1,1,1,1,1,7,7,48,1728,49,4032,1728
densenet161,192,1,1,1920,7,7,0,0,1,1,1,1,7,7,192,1920,49,13440,1920
densenet161,48,3,3,192,7,7,1,1,1,1,1,1,7,7,48,1728,49,4032,1728
densenet161,192,1,1,1968,7,7,0,0,1,1,1,1,7,7,192,1968,49,13776,1968
densenet161,48,3,3,192,7,7,1,1,1,1,1,1,7,7,48,1728,49,4032,1728
densenet161,192,1,1,2016,7,7,0,0,1,1,1,1,7,7,192,2016,49,14112,2016
densenet161,48,3,3,192,7,7,1,1,1,1,1,1,7,7,48,1728,49,4032,1728
densenet161,192,1,1,2064,7,7,0,0,1,1,1,1,7,7,192,2064,49,14448,2064
densenet161,48,3,3,192,7,7,1,1,1,1,1,1,7,7,48,1728,49,4032,1728
densenet161,192,1,1,2112,7,7,0,0,1,1,1,1,7,7,192,2112,49,14784,2112
densenet161,48,3,3,192,7,7,1,1,1,1,1,1,7,7,48,1728,49,4032,1728
densenet161,192,1,1,2160,7,7,0,0,1,1,1,1,7,7,192,2160,49,15120,2160
densenet161,48,3,3,192,7,7,1,1,1,1,1,1,7,7,48,1728,49,4032,1728
googlenet,64,7,7,3,224,224,3,3,2,2,1,1,112,112,64,147,12544,4704,147
googlenet,64,1,1,64,56,56,0,0,1,1,1,1,56,56,64,64,3136,3584,64
googlenet,192,3,3,64,56,56,1,1,1,1,1,1,56,56,192,576,3136,10752,576
googlenet,64,1,1,192,28,28,0,0,1,1,1,1,28,28,64,192,784,5376,192
googlenet,96,1,1,192,28,28,0,0,1,1,1,1,28,28,96,192,784,5376,192
googlenet,128,3,3,96,28,28,1,1,1,1,1,1,28,28,128,864,784,8064,864
googlenet,16,1,1,192,28,28,0,0,1,1,1,1,28,28,16,192,784,5376,192
googlenet,32,3,3,16,28,28,1,1,1,1,1,1,28,28,32,144,784,1344,144
googlenet,32,1,1,192,28,28,0,0,1,1,1,1,28,28,32,192,784,5376,192
googlenet,128,1,1,256,28,28,0,0,1,1,1,1,28,28,128,256,784,7168,256
googlenet,128,1,1,256,28,28,0,0,1,1,1,1,28,28,128,256,784,7168,256
googlenet,192,3,3,128,28,28,1,1,1,1,1,1,28,28,192,1152,784,10752,1152
googlenet,32,1,1,256,28,28,0,0,1,1,1,1,28,28,32,256,784,7168,256
googlenet,96,3,3,32,28,28,1,1,1,1,1,1,28,28,96,288,784,2688,288
googlenet,64,1,1,256,28,28,0,0,1,1,1,1,28,28,64,256,784,7168,256
googlenet,192,1,1,480,14,14,0,0,1,1,1,1,14,14,192,480,196,6720,480
googlenet,96,1,1,480,14,14,0,0,1,1,1,1,14,14,96,480,196,6720,480
googlenet,208,3,3,96,14,14,1,1,1,1,1,1,14,14,208,864,196,4032,864
googlenet,16,1,1,480,14,14,0,0,1,1,1,1,14,14,16,480,196,6720,480
googlenet,48,3,3,16,14,14,1,1,1,1,1,1,14,14,48,144,196,672,144
googlenet,64,1,1,480,14,14,0,0,1,1,1,1,14,14,64,480,196,6720,480
googlenet,128,1,1,512,4,4,0,0,1,1,1,1,4,4,128,512,16,2048,512
googlenet,160,1,1,512,14,14,0,0,1,1,1,1,14,14,160,512,196,7168,512
googlenet,112,1,1,512,14,14,0,0,1,1,1,1,14,14,112,512,196,7168,512
googlenet,224,3,3,112,14,14,1,1,1,1,1,1,14,14,224,1008,196,4704,1008
googlenet,24,1,1,512,14,14,0,0,1,1,1,1,14,14,24,512,196,7168,512
googlenet,64,3,3,24,14,14,1,1,1,1,1,1,14,14,64,216,196,1008,216
googlenet,64,1,1,512,14,14,0,0,1,1,1,1,14,14,64,512,196,7168,512
googlenet,128,1,1,512,14,14,0,0,1,1,1,1,14,14,128,512,196,7168,512
googlenet,128,1,1,512,14,14,0,0,1,1,1,1,14,14,128,512,196,7168,512
googlenet,256,3,3,128,14,14,1,1,1,1,1,1,14,14,256,1152,196,5376,1152
googlenet,24,1,1,512,14,14,0,0,1,1,1,1,14,14,24,512,196,7168,512
googlenet,64,3,3,24,14,14,1,1,1,1,1,1,14,14,64,216,196,1008,216
googlenet,64,1,1,512,14,14,0,0,1,1,1,1,14,14,64,512,196,7168,512
googlenet,112,1,1,512,14,14,0,0,1,1,1,1,14,14,112,512,196,7168,512
googlenet,144,1,1,512,14,14,0,0,1,1,1,1,14,14,144,512,196,7168,512
googlenet,288,3,3,144,14,14,1,1,1,1,1,1,14,14,288,1296,196,6048,1296
googlenet,32,1,1,512,14,14,0,0,1,1,1,1,14,14,32,512,196,7168,512
googlenet,64,3,3,32,14,14,1,1,1,1,1,1,14,14,64,288,196,1344,288
googlenet,64,1,1,512,14,14,0,0,1,1,1,1,14,14,64,512,196,7168,512
googlenet,128,1,1,528,4,4,0,0,1,1,1,1,4,4,128,528,16,2112,528
googlenet,256,1,1,528,14,14,0,0,1,1,1,1,14,14,256,528,196,7392,528
googlenet,160,1,1,528,14,14,0,0,1,1,1,1,14,14,160,528,196,7392,528
googlenet,320,3,3,160,14,14,1,1,1,1,1,1,14,14,320,1440,196,6720,1440
googlenet,32,1,1,528,14,14,0,0,1,1,1,1,14,14,32,528,196,7392,528
googlenet,128,3,3,32,14,14,1,1,1,1,1,1,14,14,128,288,196,1344,288
googlenet,128,1,1,528,14,14,0,0,1,1,1,1,14,14,128,528,196,7392,528
googlenet,256,1,1,832,7,7,0,0,1,1,1,1,7,7,256,832,49,5824,832
googlenet,160,1,1,832,7,7,0,0,1,1,1,1,7,7,160,832,49,5824,832
googlenet,320,3,3,160,7,7,1,1,1,1,1,1,7,7,320,1440,49,3360,1440
googlenet,32,1,1,832,7,7,0,0,1,1,1,1,7,7,32,832,49,5824,832
googlenet,128,3,3,32,7,7,1,1,1,1,1,1,7,7,128,288,49,672,288
googlenet,128,1,1,832,7,7,0,0,1,1,1,1,7,7,128,832,49,5824,832
googlenet,384,1,1,832,7,7,0,0,1,1,1,1,7,7,384,832,49,5824,832
googlenet,192,1,1,832,7,7,0,0,1,1,1,1,7,7,192,832,49,5824,832
googlenet,384,3,3,192,7,7,1,1,1,1,1,1,7,7,384,1728,49,4032,1728
googlenet,48,1,1,832,7,7,0,0,1,1,1,1,7,7,48,832,49,5824,832
googlenet,128,3,3,48,7,7,1,1,1,1,1,1,7,7,128,432,49,1008,432
googlenet,128,1,1,832,7,7,0,0,1,1,1,1,7,7,128,832,49,5824,832
shufflenet_v2_x1_0,24,3,3,3,224,224,1,1,2,2,1,1,112,112,24,27,12544,2016,27
shufflenet_v2_x1_0,24,3,3,24,56,56,1,1,2,2,1,1,28,28,24,216,784,4032,216
shufflenet_v2_x1_0,58,1,1,24,28,28,0,0,1,1,1,1,28,28,58,24,784,672,24
shufflenet_v2_x1_0,58,1,1,24,56,56,0,0,1,1,1,1,56,56,58,24,3136,1344,24
shufflenet_v2_x1_0,58,3,3,58,56,56,1,1,2,2,1,1,28,28,58,522,784,9744,522
shufflenet_v2_x1_0,58,1,1,58,28,28,0,0,1,1,1,1,28,28,58,58,784,1624,58
shufflenet_v2_x1_0,58,1,1,58,28,28,0,0,1,1,1,1,28,28,58,58,784,1624,58
shufflenet_v2_x1_0,58,3,3,58,28,28,1,1,1,1,1,1,28,28,58,522,784,4872,522
shufflenet_v2_x1_0,58,1,1,58,28,28,0,0,1,1,1,1,28,28,58,58,784,1624,58
shufflenet_v2_x1_0,58,1,1,58,28,28,0,0,1,1,1,1,28,28,58,58,784,1624,58
shufflenet_v2_x1_0,58,3,3,58,28,28,1,1,1,1,1,1,28,28,58,522,784,4872,522
shufflenet_v2_x1_0,58,1,1,58,28,28,0,0,1,1,1,1,28,28,58,58,784,1624,58
shufflenet_v2_x1_0,58,1,1,58,28,28,0,0,1,1,1,1,28,28,58,58,784,1624,58
shufflenet_v2_x1_0,58,3,3,58,28,28,1,1,1,1,1,1,28,28,58,522,784,4872,522
shufflenet_v2_x1_0,58,1,1,58,28,28,0,0,1,1,1,1,28,28,58,58,784,1624,58
shufflenet_v2_x1_0,116,3,3,116,28,28,1,1,2,2,1,1,14,14,116,1044,196,9744,1044
shufflenet_v2_x1_0,116,1,1,116,14,14,0,0,1,1,1,1,14,14,116,116,196,1624,116
shufflenet_v2_x1_0,116,1,1,116,28,28,0,0,1,1,1,1,28,28,116,116,784,3248,116
shufflenet_v2_x1_0,116,3,3,116,28,28,1,1,2,2,1,1,14,14,116,1044,196,9744,1044
shufflenet_v2_x1_0,116,1,1,116,14,14,0,0,1,1,1,1,14,14,116,116,196,1624,116
shufflenet_v2_x1_0,116,1,1,116,14,14,0,0,1,1,1,1,14,14,116,116,196,1624,116
shufflenet_v2_x1_0,116,3,3,116,14,14,1,1,1,1,1,1,14,14,116,1044,196,4872,1044
shufflenet_v2_x1_0,116,1,1,116,14,14,0,0,1,1,1,1,14,14,116,116,196,1624,116
shufflenet_v2_x1_0,116,1,1,116,14,14,0,0,1,1,1,1,14,14,116,116,196,1624,116
shufflenet_v2_x1_0,116,3,3,116,14,14,1,1,1,1,1,1,14,14,116,1044,196,4872,1044
shufflenet_v2_x1_0,116,1,1,116,14,14,0,0,1,1,1,1,14,14,116,116,196,1624,116
shufflenet_v2_x1_0,116,1,1,116,14,14,0,0,1,1,1,1,14,14,116,116,196,1624,116
shufflenet_v2_x1_0,116,3,3,116,14,14,1,1,1,1,1,1,14,14,116,1044,196,4872,1044
shufflenet_v2_x1_0,116,1,1,116,14,14,0,0,1,1,1,1,14,14,116,116,196,1624,116
shufflenet_v2_x1_0,116,1,1,116,14,14,0,0,1,1,1,1,14,14,116,116,196,1624,116
shufflenet_v2_x1_0,116,3,3,116,14,14,1,1,1,1,1,1,14,14,116,1044,196,4872,1044
shufflenet_v2_x1_0,116,1,1,116,14,14,0,0,1,1,1,1,14,14,116,116,196,1624,116
shufflenet_v2_x1_0,116,1,1,116,14,14,0,0,1,1,1,1,14,14,116,116,196,1624,116
shufflenet_v2_x1_0,116,3,3,116,14,14,1,1,1,1,1,1,14,14,116,1044,196,4872,1044
shufflenet_v2_x1_0,116,1,1,116,14,14,0,0,1,1,1,1,14,14,116,116,196,1624,116
shufflenet_v2_x1_0,116,1,1,116,14,14,0,0,1,1,1,1,14,14,116,116,196,1624,116
shufflenet_v2_x1_0,116,3,3,116,14,14,1,1,1,1,1,1,14,14,116,1044,196,4872,1044
shufflenet_v2_x1_0,116,1,1,116,14,14,0,0,1,1,1,1,14,14,116,116,196,1624,116
shufflenet_v2_x1_0,116,1,1,116,14,14,0,0,1,1,1,1,14,14,116,116,196,1624,116
shufflenet_v2_x1_0,116,3,3,116,14,14,1,1,1,1,1,1,14,14,116,1044,196,4872,1044
shufflenet_v2_x1_0,116,1,1,116,14,14,0,0,1,1,1,1,14,14,116,116,196,1624,116
shufflenet_v2_x1_0,232,3,3,232,14,14,1,1,2,2,1,1,7,7,232,2088,49,9744,2088
shufflenet_v2_x1_0,232,1,1,232,7,7,0,0,1,1,1,1,7,7,232,232,49,1624,232
shufflenet_v2_x1_0,232,1,1,232,14,14,0,0,1,1,1,1,14,14,232,232,196,3248,232
shufflenet_v2_x1_0,232,3,3,232,14,14,1,1,2,2,1,1,7,7,232,2088,49,9744,2088
shufflenet_v2_x1_0,232,1,1,232,7,7,0,0,1,1,1,1,7,7,232,232,49,1624,232
shufflenet_v2_x1_0,232,1,1,232,7,7,0,0,1,1,1,1,7,7,232,232,49,1624,232
shufflenet_v2_x1_0,232,3,3,232,7,7,1,1,1,1,1,1,7,7,232,2088,49,4872,2088
shufflenet_v2_x1_0,232,1,1,232,7,7,0,0,1,1,1,1,7,7,232,232,49,1624,232
shufflenet_v2_x1_0,232,1,1,232,7,7,0,0,1,1,1,1,7,7,232,232,49,1624,232
shufflenet_v2_x1_0,232,3,3,232,7,7,1,1,1,1,1,1,7,7,232,2088,49,4872,2088
shufflenet_v2_x1_0,232,1,1,232,7,7,0,0,1,1,1,1,7,7,232,232,49,1624,232
shufflenet_v2_x1_0,232,1,1,232,7,7,0,0,1,1,1,1,7,7,232,232,49,1624,232
shufflenet_v2_x1_0,232,3,3,232,7,7,1,1,1,1,1,1,7,7,232,2088,49,4872,2088
shufflenet_v2_x1_0,232,1,1,232,7,7,0,0,1,1,1,1,7,7,232,232,49,1624,232
shufflenet_v2_x1_0,1024,1,1,464,7,7,0,0,1,1,1,1,7,7,1024,464,49,3248,464
mobilenet_v2,32,3,3,3,224,224,1,1,2,2,1,1,112,112,32,27,12544,2016,27
mobilenet_v2,32,3,3,32,112,112,1,1,1,1,1,1,112,112,32,288,12544,10752,288
mobilenet_v2,16,1,1,32,112,112,0,0,1,1,1,1,112,112,16,32,12544,3584,32
mobilenet_v2,96,1,1,16,112,112,0,0,1,1,1,1,112,112,96,16,12544,1792,16
mobilenet_v2,96,3,3,96,112,112,1,1,2,2,1,1,56,56,96,864,3136,32256,864
mobilenet_v2,24,1,1,96,56,56,0,0,1,1,1,1,56,56,24,96,3136,5376,96
mobilenet_v2,144,1,1,24,56,56,0,0,1,1,1,1,56,56,144,24,3136,1344,24
mobilenet_v2,144,3,3,144,56,56,1,1,1,1,1,1,56,56,144,1296,3136,24192,1296
mobilenet_v2,24,1,1,144,56,56,0,0,1,1,1,1,56,56,24,144,3136,8064,144
mobilenet_v2,144,1,1,24,56,56,0,0,1,1,1,1,56,56,144,24,3136,1344,24
mobilenet_v2,144,3,3,144,56,56,1,1,2,2,1,1,28,28,144,1296,784,24192,1296
mobilenet_v2,32,1,1,144,28,28,0,0,1,1,1,1,28,28,32,144,784,4032,144
mobilenet_v2,192,1,1,32,28,28,0,0,1,1,1,1,28,28,192,32,784,896,32
mobilenet_v2,192,3,3,192,28,28,1,1,1,1,1,1,28,28,192,1728,784,16128,1728
mobilenet_v2,32,1,1,192,28,28,0,0,1,1,1,1,28,28,32,192,784,5376,192
mobilenet_v2,192,1,1,32,28,28,0,0,1,1,1,1,28,28,192,32,784,896,32
mobilenet_v2,192,3,3,192,28,28,1,1,1,1,1,1,28,28,192,1728,784,16128,1728
mobilenet_v2,32,1,1,192,28,28,0,0,1,1,1,1,28,28,32,192,784,5376,192
mobilenet_v2,192,1,1,32,28,28,0,0,1,1,1,1,28,28,192,32,784,896,32
mobilenet_v2,192,3,3,192,28,28,1,1,2,2,1,1,14,14,192,1728,196,16128,1728
mobilenet_v2,64,1,1,192,14,14,0,0,1,1,1,1,14,14,64,192,196,2688,192
mobilenet_v2,384,1,1,64,14,14,0,0,1,1,1,1,14,14,384,64,196,896,64
mobilenet_v2,384,3,3,384,14,14,1,1,1,1,1,1,14,14,384,3456,196,16128,3456
mobilenet_v2,64,1,1,384,14,14,0,0,1,1,1,1,14,14,64,384,196,5376,384
mobilenet_v2,384,1,1,64,14,14,0,0,1,1,1,1,14,14,384,64,196,896,64
mobilenet_v2,384,3,3,384,14,14,1,1,1,1,1,1,14,14,384,3456,196,16128,3456
mobilenet_v2,64,1,1,384,14,14,0,0,1,1,1,1,14,14,64,384,196,5376,384
mobilenet_v2,384,1,1,64,14,14,0,0,1,1,1,1,14,14,384,64,196,896,64
mobilenet_v2,384,3,3,384,14,14,1,1,1,1,1,1,14,14,384,3456,196,16128,3456
mobilenet_v2,64,1,1,384,14,14,0,0,1,1,1,1,14,14,64,384,196,5376,384
mobilenet_v2,384,1,1,64,14,14,0,0,1,1,1,1,14,14,384,64,196,896,64
mobilenet_v2,384,3,3,384,14,14,1,1,1,1,1,1,14,14,384,3456,196,16128,3456
mobilenet_v2,96,1,1,384,14,14,0,0,1,1,1,1,14,14,96,384,196,5376,384
mobilenet_v2,576,1,1,96,14,14,0,0,1,1,1,1,14,14,576,96,196,1344,96
mobilenet_v2,576,3,3,576,14,14,1,1,1,1,1,1,14,14,576,5184,196,24192,5184
mobilenet_v2,96,1,1,576,14,14,0,0,1,1,1,1,14,14,96,576,196,8064,576
mobilenet_v2,576,1,1,96,14,14,0,0,1,1,1,1,14,14,576,96,196,1344,96
mobilenet_v2,576,3,3,576,14,14,1,1,1,1,1,1,14,14,576,5184,196,24192,5184
mobilenet_v2,96,1,1,576,14,14,0,0,1,1,1,1,14,14,96,576,196,8064,576
mobilenet_v2,576,1,1,96,14,14,0,0,1,1,1,1,14,14,576,96,196,1344,96
mobilenet_v2,576,3,3,576,14,14,1,1,2,2,1,1,7,7,576,5184,49,24192,5184
mobilenet_v2,160,1,1,576,7,7,0,0,1,1,1,1,7,7,160,576,49,4032,576
mobilenet_v2,960,1,1,160,7,7,0,0,1,1,1,1,7,7,960,160,49,1120,160
mobilenet_v2,960,3,3,960,7,7,1,1,1,1,1,1,7,7,960,8640,49,20160,8640
mobilenet_v2,160,1,1,960,7,7,0,0,1,1,1,1,7,7,160,960,49,6720,960
mobilenet_v2,960,1,1,160,7,7,0,0,1,1,1,1,7,7,960,160,49,1120,160
mobilenet_v2,960,3,3,960,7,7,1,1,1,1,1,1,7,7,960,8640,49,20160,8640
mobilenet_v2,160,1,1,960,7,7,0,0,1,1,1,1,7,7,160,960,49,6720,960
mobilenet_v2,960,1,1,160,7,7,0,0,1,1,1,1,7,7,960,160,49,1120,160
mobilenet_v2,960,3,3,960,7,7,1,1,1,1,1,1,7,7,960,8640,49,20160,8640
mobilenet_v2,320,1,1,960,7,7,0,0,1,1,1,1,7,7,320,960,49,6720,960
mobilenet_v2,1280,1,1,320,7,7,0,0,1,1,1,1,7,7,1280,320,49,2240,320
mobilenet_v3_large,16,3,3,3,224,224,1,1,2,2,1,1,112,112,16,27,12544,2016,27
mobilenet_v3_large,16,3,3,16,112,112,1,1,1,1,1,1,112,112,16,144,12544,5376,144
mobilenet_v3_large,16,1,1,16,112,112,0,0,1,1,1,1,112,112,16,16,12544,1792,16
mobilenet_v3_large,64,1,1,16,112,112,0,0,1,1,1,1,112,112,64,16,12544,1792,16
mobilenet_v3_large,64,3,3,64,112,112,1,1,2,2,1,1,56,56,64,576,3136,21504,576
mobilenet_v3_large,24,1,1,64,56,56,0,0,1,1,1,1,56,56,24,64,3136,3584,64
mobilenet_v3_large,72,1,1,24,56,56,0,0,1,1,1,1,56,56,72,24,3136,1344,24
mobilenet_v3_large,72,3,3,72,56,56,1,1,1,1,1,1,56,56,72,648,3136,12096,648
mobilenet_v3_large,24,1,1,72,56,56,0,0,1,1,1,1,56,56,24,72,3136,4032,72
mobilenet_v3_large,72,1,1,24,56,56,0,0,1,1,1,1,56,56,72,24,3136,1344,24
mobilenet_v3_large,72,5,5,72,56,56,2,2,2,2,1,1,28,28,72,1800,784,20160,1800
mobilenet_v3_large,24,1,1,72,1,1,0,0,1,1,1,1,1,1,24,72,1,72,72
mobilenet_v3_large,72,1,1,24,1,1,0,0,1,1,1,1,1,1,72,24,1,24,24
mobilenet_v3_large,40,1,1,72,28,28,0,0,1,1,1,1,28,28,40,72,784,2016,72
mobilenet_v3_large,120,1,1,40,28,28,0,0,1,1,1,1,28,28,120,40,784,1120,40
mobilenet_v3_large,120,5,5,120,28,28,2,2,1,1,1,1,28,28,120,3000,784,16800,3000
mobilenet_v3_large,32,1,1,120,1,1,0,0,1,1,1,1,1,1,32,120,1,120,120
mobilenet_v3_large,120,1,1,32,1,1,0,0,1,1,1,1,1,1,120,32,1,32,32
mobilenet_v3_large,40,1,1,120,28,28,0,0,1,1,1,1,28,28,40,120,784,3360,120
mobilenet_v3_large,120,1,1,40,28,28,0,0,1,1,1,1,28,28,120,40,784,1120,40
mobilenet_v3_large,120,5,5,120,28,28,2,2,1,1,1,1,28,28,120,3000,784,16800,3000
mobilenet_v3_large,32,1,1,120,1,1,0,0,1,1,1,1,1,1,32,120,1,120,120
mobilenet_v3_large,120,1,1,32,1,1,0,0,1,1,1,1,1,1,120,32,1,32,32
mobilenet_v3_large,40,1,1,120,28,28,0,0,1,1,1,1,28,28,40,120,784,3360,120
mobilenet_v3_large,240,1,1,40,28,28,0,0,1,1,1,1,28,28,240,40,784,1120,40
mobilenet_v3_large,240,3,3,240,28,28,1,1,2,2,1,1,14,14,240,2160,196,20160,2160
mobilenet_v3_large,80,1,1,240,14,14,0,0,1,1,1,1,14,14,80,240,196,3360,240
mobilenet_v3_large,200,1,1,80,14,14,0,0,1,1,1,1,14,14,200,80,196,1120,80
mobilenet_v3_large,200,3,3,200,14,14,1,1,1,1,1,1,14,14,200,1800,196,8400,1800
mobilenet_v3_large,80,1,1,200,14,14,0,0,1,1,1,1,14,14,80,200,196,2800,200
mobilenet_v3_large,184,1,1,80,14,14,0,0,1,1,1,1,14,14,184,80,196,1120,80
mobilenet_v3_large,184,3,3,184,14,14,1,1,1,1,1,1,14,14,184,1656,196,7728,1656
mobilenet_v3_large,80,1,1,184,14,14,0,0,1,1,1,1,14,14,80,184,196,2576,184
mobilenet_v3_large,184,1,1,80,14,14,0,0,1,1,1,1,14,14,184,80,196,1120,80
mobilenet_v3_large,184,3,3,184,14,14,1,1,1,1,1,1,14,14,184,1656,196,7728,1656
mobilenet_v3_large,80,1,1,184,14,14,0,0,1,1,1,1,14,14,80,184,196,2576,184
mobilenet_v3_large,480,1,1,80,14,14,0,0,1,1,1,1,14,14,480,80,196,1120,80
mobilenet_v3_large,480,3,3,480,14,14,1,1,1,1,1,1,14,14,480,4320,196,20160,4320
mobilenet_v3_large,120,1,1,480,1,1,0,0,1,1,1,1,1,1,120,480,1,480,480
mobilenet_v3_large,480,1,1,120,1,1,0,0,1,1,1,1,1,1,480,120,1,120,120
mobilenet_v3_large,112,1,1,480,14,14,0,0,1,1,1,1,14,14,112,480,196,6720,480
mobilenet_v3_large,672,1,1,112,14,14,0,0,1,1,1,1,14,14,672,112,196,1568,112
mobilenet_v3_large,672,3,3,672,14,14,1,1,1,1,1,1,14,14,672,6048,196,28224,6048
mobilenet_v3_large,168,1,1,672,1,1,0,0,1,1,1,1,1,1,168,672,1,672,672
mobilenet_v3_large,672,1,1,168,1,1,0,0,1,1,1,1,1,1,672,168,1,168,168
mobilenet_v3_large,112,1,1,672,14,14,0,0,1,1,1,1,14,14,112,672,196,9408,672
mobilenet_v3_large,672,1,1,112,14,14,0,0,1,1,1,1,14,14,672,112,196,1568,112
mobilenet_v3_large,672,5,5,672,14,14,2,2,2,2,1,1,7,7,672,16800,49,47040,16800
mobilenet_v3_large,168,1,1,672,1,1,0,0,1,1,1,1,1,1,168,672,1,672,672
mobilenet_v3_large,672,1,1,168,1,1,0,0,1,1,1,1,1,1,672,168,1,168,168
mobilenet_v3_large,160,1,1,672,7,7,0,0,1,1,1,1,7,7,160,672,49,4704,672
mobilenet_v3_large,960,1,1,160,7,7,0,0,1,1,1,1,7,7,960,160,49,1120,160
mobilenet_v3_large,960,5,5,960,7,7,2,2,1,1,1,1,7,7,960,24000,49,33600,24000
mobilenet_v3_large,240,1,1,960,1,1,0,0,1,1,1,1,1,1,240,960,1,960,960
mobilenet_v3_large,960,1,1,240,1,1,0,0,1,1,1,1,1,1,960,240,1,240,240
mobilenet_v3_large,160,1,1,960,7,7,0,0,1,1,1,1,7,7,160,960,49,6720,960
mobilenet_v3_large,960,1,1,160,7,7,0,0,1,1,1,1,7,7,960,160,49,1120,160
mobilenet_v3_large,960,5,5,960,7,7,2,2,1,1,1,1,7,7,960,24000,49,33600,24000
mobilenet_v3_large,240,1,1,960,1,1,0,0,1,1,1,1,1,1,240,960,1,960,960
mobilenet_v3_large,960,1,1,240,1,1,0,0,1,1,1,1,1,1,960,240,1,240,240
mobilenet_v3_large,160,1,1,960,7,7,0,0,1,1,1,1,7,7,160,960,49,6720,960
mobilenet_v3_large,960,1,1,160,7,7,0,0,1,1,1,1,7,7,960,160,49,1120,160
mobilenet_v3_small,16,3,3,3,224,224,1,1,2,2,1,1,112,112,16,27,12544,2016,27
mobilenet_v3_small,16,3,3,16,112,112,1,1,2,2,1,1,56,56,16,144,3136,5376,144
mobilenet_v3_small,8,1,1,16,1,1,0,0,1,1,1,1,1,1,8,16,1,16,16
mobilenet_v3_small,16,1,1,8,1,1,0,0,1,1,1,1,1,1,16,8,1,8,8
mobilenet_v3_small,16,1,1,16,56,56,0,0,1,1,1,1,56,56,16,16,3136,896,16
mobilenet_v3_small,72,1,1,16,56,56,0,0,1,1,1,1,56,56,72,16,3136,896,16
mobilenet_v3_small,72,3,3,72,56,56,1,1,2,2,1,1,28,28,72,648,784,12096,648
mobilenet_v3_small,24,1,1,72,28,28,0,0,1,1,1,1,28,28,24,72,784,2016,72
mobilenet_v3_small,88,1,1,24,28,28,0,0,1,1,1,1,28,28,88,24,784,672,24
mobilenet_v3_small,88,3,3,88,28,28,1,1,1,1,1,1,28,28,88,792,784,7392,792
mobilenet_v3_small,24,1,1,88,28,28,0,0,1,1,1,1,28,28,24,88,784,2464,88
mobilenet_v3_small,96,1,1,24,28,28,0,0,1,1,1,1,28,28,96,24,784,672,24
mobilenet_v3_small,96,5,5,96,28,28,2,2,2,2,1,1,14,14,96,2400,196,13440,2400
mobilenet_v3_small,24,1,1,96,1,1,0,0,1,1,1,1,1,1,24,96,1,96,96
mobilenet_v3_small,96,1,1,24,1,1,0,0,1,1,1,1,1,1,96,24,1,24,24
mobilenet_v3_small,40,1,1,96,14,14,0,0,1,1,1,1,14,14,40,96,196,1344,96
mobilenet_v3_small,240,1,1,40,14,14,0,0,1,1,1,1,14,14,240,40,196,560,40
mobilenet_v3_small,240,5,5,240,14,14,2,2,1,1,1,1,14,14,240,6000,196,16800,6000
mobilenet_v3_small,64,1,1,240,1,1,0,0,1,1,1,1,1,1,64,240,1,240,240
mobilenet_v3_small,240,1,1,64,1,1,0,0,1,1,1,1,1,1,240,64,1,64,64
mobilenet_v3_small,40,1,1,240,14,14,0,0,1,1,1,1,14,14,40,240,196,3360,240
mobilenet_v3_small,240,1,1,40,14,14,0,0,1,1,1,1,14,14,240,40,196,560,40
mobilenet_v3_small,240,5,5,240,14,14,2,2,1,1,1,1,14,14,240,6000,196,16800,6000
mobilenet_v3_small,64,1,1,240,1,1,0,0,1,1,1,1,1,1,64,240,1,240,240
mobilenet_v3_small,240,1,1,64,1,1,0,0,1,1,1,1,1,1,240,64,1,64,64
mobilenet_v3_small,40,1,1,240,14,14,0,0,1,1,1,1,14,14,40,240,196,3360,240
mobilenet_v3_small,120,1,1,40,14,14,0,0,1,1,1,1,14,14,120,40,196,560,40
mobilenet_v3_small,120,5,5,120,14,14,2,2,1,1,1,1,14,14,120,3000,196,8400,3000
mobilenet_v3_small,32,1,1,120,1,1,0,0,1,1,1,1,1,1,32,120,1,120,120
mobilenet_v3_small,120,1,1,32,1,1,0,0,1,1,1,1,1,1,120,32,1,32,32
mobilenet_v3_small,48,1,1,120,14,14,0,0,1,1,1,1,14,14,48,120,196,1680,120
mobilenet_v3_small,144,1,1,48,14,14,0,0,1,1,1,1,14,14,144,48,196,672,48
mobilenet_v3_small,144,5,5,144,14,14,2,2,1,1,1,1,14,14,144,3600,196,10080,3600
mobilenet_v3_small,40,1,1,144,1,1,0,0,1,1,1,1,1,1,40,144,1,144,144
mobilenet_v3_small,144,1,1,40,1,1,0,0,1,1,1,1,1,1,144,40,1,40,40
mobilenet_v3_small,48,1,1,144,14,14,0,0,1,1,1,1,14,14,48,144,196,2016,144
mobilenet_v3_small,288,1,1,48,14,14,0,0,1,1,1,1,14,14,288,48,196,672,48
mobilenet_v3_small,288,5,5,288,14,14,2,2,2,2,1,1,7,7,288,7200,49,20160,7200
mobilenet_v3_small,72,1,1,288,1,1,0,0,1,1,1,1,1,1,72,288,1,288,288
mobilenet_v3_small,288,1,1,72,1,1,0,0,1,1,1,1,1,1,288,72,1,72,72
mobilenet_v3_small,96,1,1,288,7,7,0,0,1,1,1,1,7,7,96,288,49,2016,288
mobilenet_v3_small,576,1,1,96,7,7,0,0,1,1,1,1,7,7,576,96,49,672,96
mobilenet_v3_small,576,5,5,576,7,7,2,2,1,1,1,1,7,7,576,14400,49,20160,14400
mobilenet_v3_small,144,1,1,576,1,1,0,0,1,1,1,1,1,1,144,576,1,576,576
mobilenet_v3_small,576,1,1,144,1,1,0,0,1,1,1,1,1,1,576,144,1,144,144
mobilenet_v3_small,96,1,1,576,7,7,0,0,1,1,1,1,7,7,96,576,49,4032,576
mobilenet_v3_small,576,1,1,96,7,7,0,0,1,1,1,1,7,7,576,96,49,672,96
mobilenet_v3_small,576,5,5,576,7,7,2,2,1,1,1,1,7,7,576,14400,49,20160,14400
mobilenet_v3_small,144,1,1,576,1,1,0,0,1,1,1,1,1,1,144,576,1,576,576
mobilenet_v3_small,576,1,1,144,1,1,0,0,1,1,1,1,1,1,576,144,1,144,144
mobilenet_v3_small,96,1,1,576,7,7,0,0,1,1,1,1,7,7,96,576,49,4032,576
mobilenet_v3_small,576,1,1,96,7,7,0,0,1,1,1,1,7,7,576,96,49,672,96
resnext50_32x4d,64,7,7,3,224,224,3,3,2,2,1,1,112,112,64,147,12544,4704,147
resnext50_32x4d,128,1,1,64,56,56,0,0,1,1,1,1,56,56,128,64,3136,3584,64
resnext50_32x4d,128,3,3,128,56,56,1,1,1,1,1,1,56,56,128,1152,3136,21504,1152
resnext50_32x4d,256,1,1,128,56,56,0,0,1,1,1,1,56,56,256,128,3136,7168,128
resnext50_32x4d,256,1,1,64,56,56,0,0,1,1,1,1,56,56,256,64,3136,3584,64
resnext50_32x4d,128,1,1,256,56,56,0,0,1,1,1,1,56,56,128,256,3136,14336,256
resnext50_32x4d,128,3,3,128,56,56,1,1,1,1,1,1,56,56,128,1152,3136,21504,1152
resnext50_32x4d,256,1,1,128,56,56,0,0,1,1,1,1,56,56,256,128,3136,7168,128
resnext50_32x4d,128,1,1,256,56,56,0,0,1,1,1,1,56,56,128,256,3136,14336,256
resnext50_32x4d,128,3,3,128,56,56,1,1,1,1,1,1,56,56,128,1152,3136,21504,1152
resnext50_32x4d,256,1,1,128,56,56,0,0,1,1,1,1,56,56,256,128,3136,7168,128
resnext50_32x4d,256,1,1,256,56,56,0,0,1,1,1,1,56,56,256,256,3136,14336,256
resnext50_32x4d,256,3,3,256,56,56,1,1,2,2,1,1,28,28,256,2304,784,43008,2304
resnext50_32x4d,512,1,1,256,28,28,0,0,1,1,1,1,28,28,512,256,784,7168,256
resnext50_32x4d,512,1,1,256,56,56,0,0,2,2,1,1,28,28,512,256,784,14336,256
resnext50_32x4d,256,1,1,512,28,28,0,0,1,1,1,1,28,28,256,512,784,14336,512
resnext50_32x4d,256,3,3,256,28,28,1,1,1,1,1,1,28,28,256,2304,784,21504,2304
resnext50_32x4d,512,1,1,256,28,28,0,0,1,1,1,1,28,28,512,256,784,7168,256
resnext50_32x4d,256,1,1,512,28,28,0,0,1,1,1,1,28,28,256,512,784,14336,512
resnext50_32x4d,256,3,3,256,28,28,1,1,1,1,1,1,28,28,256,2304,784,21504,2304
resnext50_32x4d,512,1,1,256,28,28,0,0,1,1,1,1,28,28,512,256,784,7168,256
resnext50_32x4d,256,1,1,512,28,28,0,0,1,1,1,1,28,28,256,512,784,14336,512
resnext50_32x4d,256,3,3,256,28,28,1,1,1,1,1,1,28,28,256,2304,784,21504,2304
resnext50_32x4d,512,1,1,256,28,28,0,0,1,1,1,1,28,28,512,256,784,7168,256
resnext50_32x4d,512,1,1,512,28,28,0,0,1,1,1,1,28,28,512,512,784,14336,512
resnext50_32x4d,512,3,3,512,28,28,1,1,2,2,1,1,14,14,512,4608,196,43008,4608
resnext50_32x4d,1024,1,1,512,14,14,0,0,1,1,1,1,14,14,1024,512,196,7168,512
resnext50_32x4d,1024,1,1,512,28,28,0,0,2,2,1,1,14,14,1024,512,196,14336,512
resnext50_32x4d,512,1,1,1024,14,14,0,0,1,1,1,1,14,14,512,1024,196,14336,1024
resnext50_32x4d,512,3,3,512,14,14,1,1,1,1,1,1,14,14,512,4608,196,21504,4608
resnext50_32x4d,1024,1,1,512,14,14,0,0,1,1,1,1,14,14,1024,512,196,7168,512
resnext50_32x4d,512,1,1,1024,14,14,0,0,1,1,1,1,14,14,512,1024,196,14336,1024
resnext50_32x4d,512,3,3,512,14,14,1,1,1,1,1,1,14,14,512,4608,196,21504,4608
resnext50_32x4d,1024,1,1,512,14,14,0,0,1,1,1,1,14,14,1024,512,196,7168,512
resnext50_32x4d,512,1,1,1024,14,14,0,0,1,1,1,1,14,14,512,1024,196,14336,1024
resnext50_32x4d,512,3,3,512,14,14,1,1,1,1,1,1,14,14,512,4608,196,21504,4608
resnext50_32x4d,1024,1,1,512,14,14,0,0,1,1,1,1,14,14,1024,512,196,7168,512
resnext50_32x4d,512,1,1,1024,14,14,0,0,1,1,1,1,14,14,512,1024,196,14336,1024
resnext50_32x4d,512,3,3,512,14,14,1,1,1,1,1,1,14,14,512,4608,196,21504,4608
resnext50_32x4d,1024,1,1,512,14,14,0,0,1,1,1,1,14,14,1024,512,196,7168,512
resnext50_32x4d,512,1,1,1024,14,14,0,0,1,1,1,1,14,14,512,1024,196,14336,1024
resnext50_32x4d,512,3,3,512,14,14,1,1,1,1,1,1,14,14,512,4608,196,21504,4608
resnext50_32x4d,1024,1,1,512,14,14,0,0,1,1,1,1,14,14,1024,512,196,7168,512
resnext50_32x4d,1024,1,1,1024,14,14,0,0,1,1,1,1,14,14,1024,1024,196,14336,1024
resnext50_32x4d,1024,3,3,1024,14,14,1,1,2,2,1,1,7,7,1024,9216,49,43008,9216
resnext50_32x4d,2048,1,1,1024,7,7,0,0,1,1,1,1,7,7,2048,1024,49,7168,1024
resnext50_32x4d,2048,1,1,1024,14,14,0,0,2,2,1,1,7,7,2048,1024,49,14336,1024
resnext50_32x4d,1024,1,1,2048,7,7,0,0,1,1,1,1,7,7,1024,2048,49,14336,2048
resnext50_32x4d,1024,3,3,1024,7,7,1,1,1,1,1,1,7,7,1024,9216,49,21504,9216
resnext50_32x4d,2048,1,1,1024,7,7,0,0,1,1,1,1,7,7,2048,1024,49,7168,1024
resnext50_32x4d,1024,1,1,2048,7,7,0,0,1,1,1,1,7,7,1024,2048,49,14336,2048
resnext50_32x4d,1024,3,3,1024,7,7,1,1,1,1,1,1,7,7,1024,9216,49,21504,9216
resnext50_32x4d,2048,1,1,1024,7,7,0,0,1,1,1,1,7,7,2048,1024,49,7168,1024
wide_resnet50_2,64,7,7,3,224,224,3,3,2,2,1,1,112,112,64,147,12544,4704,147
wide_resnet50_2,128,1,1,64,56,56,0,0,1,1,1,1,56,56,128,64,3136,3584,64
wide_resnet50_2,128,3,3,128,56,56,1,1,1,1,1,1,56,56,128,1152,3136,21504,1152
wide_resnet50_2,256,1,1,128,56,56,0,0,1,1,1,1,56,56,256,128,3136,7168,128
wide_resnet50_2,256,1,1,64,56,56,0,0,1,1,1,1,56,56,256,64,3136,3584,64
wide_resnet50_2,128,1,1,256,56,56,0,0,1,1,1,1,56,56,128,256,3136,14336,256
wide_resnet50_2,128,3,3,128,56,56,1,1,1,1,1,1,56,56,128,1152,3136,21504,1152
wide_resnet50_2,256,1,1,128,56,56,0,0,1,1,1,1,56,56,256,128,3136,7168,128
wide_resnet50_2,128,1,1,256,56,56,0,0,1,1,1,1,56,56,128,256,3136,14336,256
wide_resnet50_2,128,3,3,128,56,56,1,1,1,1,1,1,56,56,128,1152,3136,21504,1152
wide_resnet50_2,256,1,1,128,56,56,0,0,1,1,1,1,56,56,256,128,3136,7168,128
wide_resnet50_2,256,1,1,256,56,56,0,0,1,1,1,1,56,56,256,256,3136,14336,256
wide_resnet50_2,256,3,3,256,56,56,1,1,2,2,1,1,28,28,256,2304,784,43008,2304
wide_resnet50_2,512,1,1,256,28,28,0,0,1,1,1,1,28,28,512,256,784,7168,256
wide_resnet50_2,512,1,1,256,56,56,0,0,2,2,1,1,28,28,512,256,784,14336,256
wide_resnet50_2,256,1,1,512,28,28,0,0,1,1,1,1,28,28,256,512,784,14336,512
wide_resnet50_2,256,3,3,256,28,28,1,1,1,1,1,1,28,28,256,2304,784,21504,2304
wide_resnet50_2,512,1,1,256,28,28,0,0,1,1,1,1,28,28,512,256,784,7168,256
wide_resnet50_2,256,1,1,512,28,28,0,0,1,1,1,1,28,28,256,512,784,14336,512
wide_resnet50_2,256,3,3,256,28,28,1,1,1,1,1,1,28,28,256,2304,784,21504,2304
wide_resnet50_2,512,1,1,256,28,28,0,0,1,1,1,1,28,28,512,256,784,7168,256
wide_resnet50_2,256,1,1,512,28,28,0,0,1,1,1,1,28,28,256,512,784,14336,512
wide_resnet50_2,256,3,3,256,28,28,1,1,1,1,1,1,28,28,256,2304,784,21504,2304
wide_resnet50_2,512,1,1,256,28,28,0,0,1,1,1,1,28,28,512,256,784,7168,256
wide_resnet50_2,512,1,1,512,28,28,0,0,1,1,1,1,28,28,512,512,784,14336,512
wide_resnet50_2,512,3,3,512,28,28,1,1,2,2,1,1,14,14,512,4608,196,43008,4608
wide_resnet50_2,1024,1,1,512,14,14,0,0,1,1,1,1,14,14,1024,512,196,7168,512
wide_resnet50_2,1024,1,1,512,28,28,0,0,2,2,1,1,14,14,1024,512,196,14336,512
wide_resnet50_2,512,1,1,1024,14,14,0,0,1,1,1,1,14,14,512,1024,196,14336,1024
wide_resnet50_2,512,3,3,512,14,14,1,1,1,1,1,1,14,14,512,4608,196,21504,4608
wide_resnet50_2,1024,1,1,512,14,14,0,0,1,1,1,1,14,14,1024,512,196,7168,512
wide_resnet50_2,512,1,1,1024,14,14,0,0,1,1,1,1,14,14,512,1024,196,14336,1024
wide_resnet50_2,512,3,3,512,14,14,1,1,1,1,1,1,14,14,512,4608,196,21504,4608
wide_resnet50_2,1024,1,1,512,14,14,0,0,1,1,1,1,14,14,1024,512,196,7168,512
wide_resnet50_2,512,1,1,1024,14,14,0,0,1,1,1,1,14,14,512,1024,196,14336,1024
wide_resnet50_2,512,3,3,512,14,14,1,1,1,1,1,1,14,14,512,4608,196,21504,4608
wide_resnet50_2,1024,1,1,512,14,14,0,0,1,1,1,1,14,14,1024,512,196,7168,512
wide_resnet50_2,512,1,1,1024,14,14,0,0,1,1,1,1,14,14,512,1024,196,14336,1024
wide_resnet50_2,512,3,3,512,14,14,1,1,1,1,1,1,14,14,512,4608,196,21504,4608
wide_resnet50_2,1024,1,1,512,14,14,0,0,1,1,1,1,14,14,1024,512,196,7168,512
wide_resnet50_2,512,1,1,1024,14,14,0,0,1,1,1,1,14,14,512,1024,196,14336,1024
wide_resnet50_2,512,3,3,512,14,14,1,1,1,1,1,1,14,14,512,4608,196,21504,4608
wide_resnet50_2,1024,1,1,512,14,14,0,0,1,1,1,1,14,14,1024,512,196,7168,512
wide_resnet50_2,1024,1,1,1024,14,14,0,0,1,1,1,1,14,14,1024,1024,196,14336,1024
wide_resnet50_2,1024,3,3,1024,14,14,1,1,2,2,1,1,7,7,1024,9216,49,43008,9216
wide_resnet50_2,2048,1,1,1024,7,7,0,0,1,1,1,1,7,7,2048,1024,49,7168,1024
wide_resnet50_2,2048,1,1,1024,14,14,0,0,2,2,1,1,7,7,2048,1024,49,14336,1024
wide_resnet50_2,1024,1,1,2048,7,7,0,0,1,1,1,1,7,7,1024,2048,49,14336,2048
wide_resnet50_2,1024,3,3,1024,7,7,1,1,1,1,1,1,7,7,1024,9216,49,21504,9216
wide_resnet50_2,2048,1,1,1024,7,7,0,0,1,1,1,1,7,7,2048,1024,49,7168,1024
wide_resnet50_2,1024,1,1,2048,7,7,0,0,1,1,1,1,7,7,1024,2048,49,14336,2048
wide_resnet50_2,1024,3,3,1024,7,7,1,1,1,1,1,1,7,7,1024,9216,49,21504,9216
wide_resnet50_2,2048,1,1,1024,7,7,0,0,1,1,1,1,7,7,2048,1024,49,7168,1024
mnasnet1_0,32,3,3,3,224,224,1,1,2,2,1,1,112,112,32,27,12544,2016,27
mnasnet1_0,32,3,3,32,112,112,1,1,1,1,1,1,112,112,32,288,12544,10752,288
mnasnet1_0,16,1,1,32,112,112,0,0,1,1,1,1,112,112,16,32,12544,3584,32
mnasnet1_0,48,1,1,16,112,112,0,0,1,1,1,1,112,112,48,16,12544,1792,16
mnasnet1_0,48,3,3,48,112,112,1,1,2,2,1,1,56,56,48,432,3136,16128,432
mnasnet1_0,24,1,1,48,56,56,0,0,1,1,1,1,56,56,24,48,3136,2688,48
mnasnet1_0,72,1,1,24,56,56,0,0,1,1,1,1,56,56,72,24,3136,1344,24
mnasnet1_0,72,3,3,72,56,56,1,1,1,1,1,1,56,56,72,648,3136,12096,648
mnasnet1_0,24,1,1,72,56,56,0,0,1,1,1,1,56,56,24,72,3136,4032,72
mnasnet1_0,72,1,1,24,56,56,0,0,1,1,1,1,56,56,72,24,3136,1344,24
mnasnet1_0,72,3,3,72,56,56,1,1,1,1,1,1,56,56,72,648,3136,12096,648
mnasnet1_0,24,1,1,72,56,56,0,0,1,1,1,1,56,56,24,72,3136,4032,72
mnasnet1_0,72,1,1,24,56,56,0,0,1,1,1,1,56,56,72,24,3136,1344,24
mnasnet1_0,72,5,5,72,56,56,2,2,2,2,1,1,28,28,72,1800,784,20160,1800
mnasnet1_0,40,1,1,72,28,28,0,0,1,1,1,1,28,28,40,72,784,2016,72
mnasnet1_0,120,1,1,40,28,28,0,0,1,1,1,1,28,28,120,40,784,1120,40
mnasnet1_0,120,5,5,120,28,28,2,2,1,1,1,1,28,28,120,3000,784,16800,3000
mnasnet1_0,40,1,1,120,28,28,0,0,1,1,1,1,28,28,40,120,784,3360,120
mnasnet1_0,120,1,1,40,28,28,0,0,1,1,1,1,28,28,120,40,784,1120,40
mnasnet1_0,120,5,5,120,28,28,2,2,1,1,1,1,28,28,120,3000,784,16800,3000
mnasnet1_0,40,1,1,120,28,28,0,0,1,1,1,1,28,28,40,120,784,3360,120
mnasnet1_0,240,1,1,40,28,28,0,0,1,1,1,1,28,28,240,40,784,1120,40
mnasnet1_0,240,5,5,240,28,28,2,2,2,2,1,1,14,14,240,6000,196,33600,6000
mnasnet1_0,80,1,1,240,14,14,0,0,1,1,1,1,14,14,80,240,196,3360,240
mnasnet1_0,480,1,1,80,14,14,0,0,1,1,1,1,14,14,480,80,196,1120,80
mnasnet1_0,480,5,5,480,14,14,2,2,1,1,1,1,14,14,480,12000,196,33600,12000
mnasnet1_0,80,1,1,480,14,14,0,0,1,1,1,1,14,14,80,480,196,6720,480
mnasnet1_0,480,1,1,80,14,14,0,0,1,1,1,1,14,14,480,80,196,1120,80
mnasnet1_0,480,5,5,480,14,14,2,2,1,1,1,1,14,14,480,12000,196,33600,12000
mnasnet1_0,80,1,1,480,14,14,0,0,1,1,1,1,14,14,80,480,196,6720,480
mnasnet1_0,480,1,1,80,14,14,0,0,1,1,1,1,14,14,480,80,196,1120,80
mnasnet1_0,480,3,3,480,14,14,1,1,1,1,1,1,14,14,480,4320,196,20160,4320
mnasnet1_0,96,1,1,480,14,14,0,0,1,1,1,1,14,14,96,480,196,6720,480
mnasnet1_0,576,1,1,96,14,14,0,0,1,1,1,1,14,14,576,96,196,1344,96
mnasnet1_0,576,3,3,576,14,14,1,1,1,1,1,1,14,14,576,5184,196,24192,5184
mnasnet1_0,96,1,1,576,14,14,0,0,1,1,1,1,14,14,96,576,196,8064,576
mnasnet1_0,576,1,1,96,14,14,0,0,1,1,1,1,14,14,576,96,196,1344,96
mnasnet1_0,576,5,5,576,14,14,2,2,2,2,1,1,7,7,576,14400,49,40320,14400
mnasnet1_0,192,1,1,576,7,7,0,0,1,1,1,1,7,7,192,576,49,4032,576
mnasnet1_0,1152,1,1,192,7,7,0,0,1,1,1,1,7,7,1152,192,49,1344,192
mnasnet1_0,1152,5,5,1152,7,7,2,2,1,1,1,1,7,7,1152,28800,49,40320,28800
mnasnet1_0,192,1,1,1152,7,7,0,0,1,1,1,1,7,7,192,1152,49,8064,1152
mnasnet1_0,1152,1,1,192,7,7,0,0,1,1,1,1,7,7,1152,192,49,1344,192
mnasnet1_0,1152,5,5,1152,7,7,2,2,1,1,1,1,7,7,1152,28800,49,40320,28800
mnasnet1_0,192,1,1,1152,7,7,0,0,1,1,1,1,7,7,192,1152,49,8064,1152
mnasnet1_0,1152,1,1,192,7,7,0,0,1,1,1,1,7,7,1152,192,49,1344,192
mnasnet1_0,1152,5,5,1152,7,7,2,2,1,1,1,1,7,7,1152,28800,49,40320,28800
mnasnet1_0,192,1,1,1152,7,7,0,0,1,1,1,1,7,7,192,1152,49,8064,1152
mnasnet1_0,1152,1,1,192,7,7,0,0,1,1,1,1,7,7,1152,192,49,1344,192
mnasnet1_0,1152,3,3,1152,7,7,1,1,1,1,1,1,7,7,1152,10368,49,24192,10368
mnasnet1_0,320,1,1,1152,7,7,0,0,1,1,1,1,7,7,320,1152,49,8064,1152
mnasnet1_0,1280,1,1,320,7,7,0,0,1,1,1,1,7,7,1280,320,49,2240,320
